benchmark,H3,generic-retry,natural-retry,retain+generic,targeted+untyped,typed+no-retain,H4,H4_minus_targeted+untyped
boolq,0.700,0.683,0.683,0.667,0.650,0.633,0.667,+0.017
squad,0.950,0.950,0.983,0.983,0.983,0.983,0.933,-0.050
sciq,0.967,0.967,0.950,0.933,0.950,0.933,0.950,+0.000
arc_easy,0.900,0.900,0.900,0.933,0.917,0.917,0.867,-0.050
glue_sst2,0.900,0.967,0.900,0.917,0.900,0.917,0.933,+0.033
glue_rte,0.900,0.833,0.817,0.833,0.800,0.850,0.850,+0.050
glue_mrpc,0.867,0.800,0.800,0.833,0.800,0.833,0.800,+0.000
trec_qc,0.867,0.867,0.900,0.900,0.867,0.833,0.867,+0.000
mini_workflow,0.289,0.144,0.200,0.211,1.000,1.000,1.000,+0.000
